Model,Spearman,LinearProbe,kNN,StructuralSpearman
ESM-3,0.358390364083506,0.7996715927750411,0.6945812807881774,0.04953890501571153
ESM-1b,0.32372939684161817,0.7881773399014778,0.7307060755336617,0.058891374159148635
SaProt,0.35771467328956486,0.7877668308702791,0.6707717569786534,0.08395780898620504
Nucleotide Transformer,0.32882432664073596,0.6473727422003285,0.5882594417077175,0.039696679453666034
AlphaGenome,0.21426274783451396,0.5874384236453202,0.5763546798029556,0.1856516263660137
