Model,StructuralSpearman
ESM-1b,0.058891374159148635
ESM-3,0.04953890501571153
SaProt,0.08395780898620504
AlphaGenome,0.1856516263660137
Nucleotide Transformer,0.039696679453666034
